smi_name,smi_end_of_news
123ru.net,Все новости
infosmi.net,Ранее мы писали
iMag.one,iMag.one
Russia24.pro,Russia24.pro
vostokmedia,Читать новость
Восток-Медиа,Восток-Медиа
Person.city,Person.city
РИА,Читать новость
ДЕЙТА,Учредитель сетевого издания
Дейта.РУ,Читать новость
Email:versia@versia.ru,Email:versia@versia.ru
Buzznet,©
Russian.City,Russian.City
info@rusovok.ru,Email
"""Московский комсомолец""",Опубликован в газете
«МИР»,География
versia.ru,Подробнее читайте на versia.ru
SMI24.net,Russia24.pro
ИА Красная Весна,2022©
360tv,360tv
«ФедералПресс»,Ранее «ФедералПресс»
Russia24 pro,Russia24 pro
"© Восток-Медиа,","© Восток-Медиа,"
(Gazeta Ru),© АО «Газета Ру»
Sakhalin info,ИА Сах ком
"Источник: ""Версия""","Источник: ""Версия"
News24,News24
ИА Сах ком,ИА Сах ком
SakhalinMedia,Сообщество SakhalinMedia
sakh.kp@gmail.com,К ЧИТАТЕЛЯМ
BigpowerNews,Расширенный поиск
